"0","quantile(assets3$PC1, probs = seq(0,1, 1/5))"
"1","         0% "
"1","        20% "
"1","        40% "
"1","        60% "
"1","        80% "
"1","       100% "
"1","
"
"1","-2.11118368 "
"1","-1.66100172 "
"1","-0.98271146 "
"1","-0.06987735 "
"1"," 1.45281527 "
"1"," 7.18120558 "
"1","
"
